,image,name,price
0,https://thumblr.uniid.it/product/181332/76b6e9c180e3.jpg,Nike Mercurial Vapor 12 Elite FG Game Over - Grå/Gul,136900
1,https://thumblr.uniid.it/product/184708/6c7dfd2d20ad.jpg,Nike Mercurial Superfly 6 Elite FG LVL UP - Grå/Sort/Hvid,224900
2,https://thumblr.uniid.it/product/181272/77f9c9b09a95.jpg,Nike Mercurial Vapor 12 Elite FG Black Lux - Sort/Guld,147900
3,https://thumblr.uniid.it/product/180582/1378e76e5852.jpg,Barcelona Hjemmebanetrøje 20th Anniversary,46900
4,https://thumblr.uniid.it/product/179310/e18551a60546.jpg,adidas Predator 19+ FG/AG Boost Virtuso - Hvid/Blå,219900
5,https://thumblr.uniid.it/product/178099/0b17aaefeb31.jpg,Nike Mercurial Vapor 12 Elite FG Always Forward - Blå/Sølv,119900
6,https://thumblr.uniid.it/product/181393/86aff7c0dbeb.jpg,Nike Phantom Venom Elite FG Fully Charged - Navy/Sort,145900
7,https://thumblr.uniid.it/product/181399/d7ca3d80f071.jpg,Nike Mercurial Vapor 12 Elite FG NJR Silêncio - Hvid/Rød/Sort,155900
8,https://thumblr.uniid.it/product/179251/0c2b6a6b4cbe.jpg,adidas X 18+ FG/AG Virtuso - Hvid/Gul,219900
9,https://thumblr.uniid.it/product/179249/b5bb8cf25dca.jpg,adidas X 18+ FG/AG Archetic - Sort/Blå,219900
10,https://thumblr.uniid.it/product/179250/e5c163c09a13.jpg,adidas X 18+ FG/AG Exhibit - Rød/Sølv/Blå,142900
11,https://thumblr.uniid.it/product/178048/1c9a6c8f673b.jpg,Nike Mercurial Vapor 12 Elite FG Always Forward - Neon/Sort,110900
12,https://thumblr.uniid.it/product/181382/fb30e35d6b69.jpg,Nike Phantom Venom Elite FG Black Lux - Sort/Guld,155900
13,https://thumblr.uniid.it/product/179239/a0e386e01f47.jpg,adidas Predator 19+ FG/AG Boost Exhibit - Blå/Sølv/Rød,153900
14,https://thumblr.uniid.it/product/181372/bfb0fc84845f.jpg,Nike Phantom Venom Elite FG Game Over - Rød/Sort,145900
15,https://thumblr.uniid.it/product/179311/a441be1e3ffd.jpg,adidas Predator 19+ FG/AG Boost Archetic - Sort/Rød,219900
16,https://thumblr.uniid.it/product/172459/22ab0e6bed0d.jpg,Barcelona Hjemmebanetrøje 2018/19,43900
17,https://thumblr.uniid.it/product/179241/cb839fc78ae5.jpg,adidas Copa 19+ FG/AG Virtuso - Hvid/Grøn,199900
18,https://thumblr.uniid.it/product/179248/e4b187506455.jpg,adidas X 18+ FG/AG Initiator - Sort/Hvid/Rød,131900
19,https://thumblr.uniid.it/product/181265/77071eccf3ac.jpg,Nike Mercurial Superfly 6 Elite FG Black Lux - Sort/Guld,163900
20,https://thumblr.uniid.it/product/179867/c9c15914dc4d.jpg,adidas Predator 19+ ZZ & DB Icon FG/AG - Guld/Sølv/Navy LIMITED EDITION,249900
21,https://thumblr.uniid.it/product/179240/5bd6c0cbdc97.jpg,adidas Copa 19+ FG/AG Initiator - Hvid/Rød,119900
22,https://thumblr.uniid.it/product/179323/f1952ac0472e.jpg,adidas Copa 19+ FG/AG Archetic - Sort,199900
23,https://thumblr.uniid.it/product/180966/87c2b9485505.jpg,Select Fodbold Brillant Super - Hvid/Pink,29900
24,https://thumblr.uniid.it/product/179309/236b3633866d.jpg,adidas Predator 19+ FG/AG Boost Initiator - Rød/Sort,142900
25,https://thumblr.uniid.it/product/179224/2c97f9182055.jpg,adidas Copa 19+ FG/AG Exhibit - Sort/Gul,129900
26,https://thumblr.uniid.it/product/181831/7c7bdaa1f27b.jpg,Nike Træningsbukser Dry Park 18 - Sort/Hvid,18900
27,https://thumblr.uniid.it/product/179256/aa511c308548.jpg,adidas X 18.1 FG/AG Virtuso - Hvid/Gul,169900
28,https://thumblr.uniid.it/product/178530/cfb7c1f6c532.jpg,Paris Saint-Germain Hjemmebanetrøje Jordan x PSG CHL 2018/19,49900
29,https://thumblr.uniid.it/product/184641/8761b3770bab.jpg,Nike M2K Tekno - Hvid/Grå,79900
30,https://thumblr.uniid.it/product/181378/5302b8b55460.jpg,Nike Tiempo Legend 7 Elite FG Black Lux - Sort/Guld,169900
31,https://thumblr.uniid.it/product/179351/1696d501f0da.jpg,adidas Predator 19+ FG/AG Virtuso - Hvid/Blå Børn,119900
32,https://thumblr.uniid.it/product/181833/676319c75497.jpg,Nike Træningsbukser Dry Park 18 - Sort/Hvid Børn,15900
33,https://thumblr.uniid.it/product/174758/dabf88fff910.jpg,Liverpool Hjemmebanetrøje 2018/19,44900
34,https://thumblr.uniid.it/product/181531/ad0bfbdd9e4a.jpg,Nike Træningsdragt Dry Academy Black Lux - Sort/Hvid Børn,35900
35,https://thumblr.uniid.it/product/181390/0bd25899f329.jpg,Nike Phantom Vision Elite DF FG Fully Charged - Navy/Sort,153900
36,https://thumblr.uniid.it/product/179312/ffaab5e623fa.jpg,adidas Predator 19.1 FG/AG Virtuso - Hvid/Blå,169900
37,https://thumblr.uniid.it/product/179845/94e4ca369bb3.jpg,adidas Predator Precision DB Icon FG/AG - Hvid/Sølv/Rød LIMITED EDITION,279900
38,https://thumblr.uniid.it/product/182823/df7a0f279724.jpg,Liverpool Hættetrøje FZ - Bordeaux/Rød,24900
39,https://thumblr.uniid.it/product/180692/31c742d145b1.jpg,Nike Mercurial Superfly 6 Elite FG Ballon d'Or Golden Touch - Sølv/Guld LIMITED EDITION,229900
40,https://thumblr.uniid.it/product/179223/c8d7ce2a9379.jpg,adidas Ultra Boost 1.0 - Sort/Sølv Børn,89900
41,https://thumblr.uniid.it/product/179393/05c5ea7063db.jpg,adidas Predator 19.3 FG/AG Archetic - Sort/Rød,74900
42,https://thumblr.uniid.it/product/181361/70ab60211dc0.jpg,Nike Phantom Vision Elite DF FG Game Over - Rød/Sølv,147900
43,https://thumblr.uniid.it/product/179841/22a45f1e8337.jpg,adidas Predator Accelerator ZZ Icon FG/AG - Guld/Hvid/Navy LIMITED EDITION,279900
44,https://thumblr.uniid.it/product/180212/e9bbbeb183ad.jpg,PUMA Future 19.1 Netfit FG/AG Hacked - Sort/Grøn,149900
45,https://thumblr.uniid.it/product/107/810c4edbe517.jpg,adidas Copa Mundial FG,89900
46,https://thumblr.uniid.it/product/158419/3eb1d8faeb88.jpg,Nike Fodboldsokker Classic II - Sort/Hvid,5900
47,https://thumblr.uniid.it/product/174042/b8a250958fcc.jpg,Real Madrid Træningsbukser Presentation - Sort/Hvid Børn,11900
48,https://thumblr.uniid.it/product/175803/73245ed3cef3.jpg,Nike Benskinner Mercurial Lite - Sort/Hvid,15900
49,https://thumblr.uniid.it/product/181322/f0de546c741c.jpg,Nike Mercurial Superfly 6 Elite FG Game Over - Grå/Gul,147900
50,https://thumblr.uniid.it/product/179289/4d210230fdb8.jpg,adidas Nemeziz 18+ FG/AG Virtuso - Hvid/Pink,219900
51,https://thumblr.uniid.it/product/178071/823b6fdb5020.jpg,Nike Phantom Vision Elite DF FG Always Forward - Blå/Sort,122900
52,https://thumblr.uniid.it/product/179322/c126ce96f84d.jpg,adidas Copa 19.1 FG/AG Archetic - Sort,159900
53,https://thumblr.uniid.it/product/184709/f9ea03961791.jpg,Nike Mercurial Superfly 6 Elite AG-PRO LVL UP - Grå/Sort/Hvid,224900
54,https://thumblr.uniid.it/product/181289/95b581936bc6.jpg,Nike Phantom Vision Elite DF FG Black Lux - Sort/Guld,153900
55,https://thumblr.uniid.it/product/179232/b4179804b586.jpg,adidas Predator 19.3 FG/AG Exhibit - Blå/Sølv/Rød,51900
56,https://thumblr.uniid.it/product/184720/9c5655cb67f3.jpg,Nike Mercurial Superfly 6 Club MG LVL UP - Grå/Sort/Hvid Børn,47900
57,https://thumblr.uniid.it/product/172264/920b91ea9740.jpg,Paris Saint-Germain Hjemmebanetrøje 2018/19,43900
58,https://thumblr.uniid.it/product/179234/133747619a67.jpg,adidas Predator 19.1 FG/AG Exhibit - Blå/Sølv,109900
59,https://thumblr.uniid.it/product/173618/689f2822a5f4.jpg,adidas Ultra Boost - Hvid Kvinde,89900
60,https://thumblr.uniid.it/product/179288/72e1ed96c417.jpg,adidas Nemeziz 18+ FG/AG Exhibit - Gul/Blå,131900
61,https://thumblr.uniid.it/product/185537/4b2699b05949.jpg,F.C. København Udebanetrøje 2019,69900
62,https://thumblr.uniid.it/product/179254/e27536e75e9e.jpg,adidas X 18.1 FG/AG Archetic - Sort/Blå,169900
63,https://thumblr.uniid.it/product/172011/32e214be15fb.jpg,Nike Benskinner Guard - Sort/Hvid,7900
64,https://thumblr.uniid.it/product/180210/67b80d172afa.jpg,PUMA Future 19.1 Netfit FG/AG Power Up - Rød/Blå,126900
65,https://thumblr.uniid.it/product/179314/1ef344f7b65f.jpg,adidas Predator 19.1 FG/AG Initiator - Rød/Sort,101900
66,https://thumblr.uniid.it/product/179255/367f6021791f.jpg,adidas X 18.1 FG/AG Exhibit - Rød/Sølv/Blå,118900
67,https://thumblr.uniid.it/product/184707/f6ca0905ea09.jpg,Nike Mercurial Superfly 6 Academy MG LVL UP - Grå/Sort/Hvid,77900
68,https://thumblr.uniid.it/product/178060/2ce1706f93a9.jpg,Nike Hypervenom 3 Elite FG Always Forward - Blå/Sort,110900
69,https://thumblr.uniid.it/product/130117/10704dbf60e6.jpg,G-Form Benskinne Pro-S Elite Sort/Gul,54900
70,https://thumblr.uniid.it/product/168029/a7ebac28ed0b.jpg,adidas Ultra Boost 4.0 - Sort/Hvid,112400
71,https://thumblr.uniid.it/product/179313/b22a65119374.jpg,adidas Predator 19.1 FG/AG Archetic - Sort/Rød,169900
72,https://thumblr.uniid.it/product/176397/f2f03b57e3e7.jpg,Paris Saint-Germain Udebanetrøje 2018/19,37900
73,https://thumblr.uniid.it/product/182822/605834085611.jpg,Liverpool Hættetrøje FZ - Sort/Rød,24900
74,https://thumblr.uniid.it/product/178537/b98b23e88ce5.jpg,PLAYR GPS Tracker SmartVest + SmartPod - Sort/Hvid,149900
75,https://thumblr.uniid.it/product/173741/d14b0e5b89ca.jpg,Real Madrid Udebanetrøje 2018/19 Mini-Kit Børn,19900
76,https://thumblr.uniid.it/product/181273/a554b3d1d4f4.jpg,Nike Mercurial Vapor 12 Elite SG-PRO Anti-Clog Black Lux - Sort/Guld,145900
77,https://thumblr.uniid.it/product/179243/4ff59152027d.jpg,adidas Copa 19.1 FG/AG Virtuso - Hvid/Grøn,159900
78,https://thumblr.uniid.it/product/173733/0c72d2e0abd5.jpg,Real Madrid Hjemmebanetrøje 2018/19 Mini-Kit Børn,19900
79,https://thumblr.uniid.it/product/184715/ff58bdb58f6e.jpg,Nike Mercurial Superfly 6 Academy MG LVL UP - Grå/Sort/Hvid Børn,59900
80,https://thumblr.uniid.it/product/176573/53e77e6db1f9.jpg,Nike Phantom Vision Elite DF FG Stealth Ops - Sort,122900
81,https://thumblr.uniid.it/product/184833/b0070abb0636.jpg,Nike Air Max 97 - Hvid/Grå/Sort,144900
82,https://thumblr.uniid.it/product/182061/08dbd2ef6081.jpg,Paris Saint-Germain Spilletrøje Jordan x PSG CHL 2018/19,47900
83,https://thumblr.uniid.it/product/168031/8a51a7fd1765.jpg,adidas Ultra Boost 4.0 - Hvid,119900
84,https://thumblr.uniid.it/product/179477/ced67eccda5c.jpg,adidas Målmandshandske Predator Pro Virtuso - Blå/Hvid,99900
85,https://thumblr.uniid.it/product/178038/cc3866dde72a.jpg,Nike Mercurial Superfly 6 Elite FG Always Forward - Neon/Sort,132900
86,https://thumblr.uniid.it/product/170474/aa2f2e517194.jpg,Nike Træningstrøje Dry Academy 18 - Sort/Grå/Hvid,25900
87,https://thumblr.uniid.it/product/181470/d2e0268983ad.jpg,Nike Målmandshandske Mercurial Touch Victory Game Over - Grå/Sort/Gul,59900
88,https://thumblr.uniid.it/product/173432/0ee4d9341001.jpg,Danmark Hjemmebanetrøje 2018/19 Mini-Kit Børn,31900
89,https://thumblr.uniid.it/product/184710/d01b4dce543b.jpg,Nike Mercurial Superfly 6 Pro FG LVL UP - Grå/Sort/Hvid,129900
90,https://thumblr.uniid.it/product/176694/5a3ec08bb84b.jpg,Barcelona 3. Trøje 2018/19,40900
91,https://thumblr.uniid.it/product/179287/b426bb842c48.jpg,adidas Nemeziz 18+ FG/AG Initiator - Hvid/Sort/Rød,131900
92,https://thumblr.uniid.it/product/181304/5a003bd9e270.jpg,Nike Tiempo Legend 7 Elite FG Game Over - Grå/Gul,143900
93,https://thumblr.uniid.it/product/179293/1f489523449f.jpg,adidas Nemeziz 18.1 FG/AG Virtuso - Hvid/Pink,169900
94,https://thumblr.uniid.it/product/170508/6e2bf220021f.jpg,Nike Regnjakke Academy 18 - Sort/Hvid Børn,27900
